{
  "alpha": 0.5736904245506146,
  "beta": 0.595928145637735,
  "gamma": 0.9169851523345904,
  "lambda_": 0.28184256316799006,
  "prior_strength": 11.398434980682964,
  "pearson_r_validation": 0.5644172693155333
}